registration_number,material_name,material_category,manufacturer_name,product_category,geographical_scope,country_of_origin,gwp_a1a3,gwp_unit,declared_unit,life_cycle_stages,epd_programme_operator,year_published,valid_until,epd_url
EPD-IES-0031470:004,"TMT Bars, Bhilai Steel Plant- Steel Authority of India Limited (SAIL)",Steel & Metal,Steel Authority of India Limited,Construction products,Global,India,,kg CO2 eq,,,International EPD System,,,https://www.environdec.com/library/epd31470
EPD-IES-0030960:004,Building,Other,ITC Limited,Construction products,India,India,,kg CO2 eq,,,International EPD System,,,https://www.environdec.com/library/epd30960
EPD-IES-0031770:002,TAP® Acoustics Panel,Insulation & Acoustic,Times Fibrefill Pvt Ltd,Construction products,India,India,,kg CO2 eq,,,International EPD System,,,https://www.environdec.com/library/epd31770
EPD-IES-0032037:001,SGG Mirror on Planilux 4 mm,Glass & Glazing,Saint-Gobain India Private Limited,Construction products,India,India,,kg CO2 eq,,,International EPD System,,,https://www.environdec.com/library/epd32037
EPD-IES-0032055:001,SGG Mirror on Planilux® 5 mm,Glass & Glazing,Saint-Gobain India Private Limited,Construction products,India,India,,kg CO2 eq,,,International EPD System,,,https://www.environdec.com/library/epd32055
EPD-IES-0032059:001,SGG Mirror on Planilux® 6 mm,Glass & Glazing,Saint-Gobain India Private Limited,Construction products,India,India,,kg CO2 eq,,,International EPD System,,,https://www.environdec.com/library/epd32059
EPD-IES-0022355:003,Windor Mono Modular Single Glass Partition System,Glass & Glazing,Windor India Pvt Limited,Construction products,Global,India,,kg CO2 eq,,,International EPD System,,,https://www.environdec.com/library/epd22355
EPD-IES-0022356:002,Windor Duplus Modular Double Glass Partition System,Glass & Glazing,Windor India Pvt Limited,Construction products,Global,India,,kg CO2 eq,,,International EPD System,,,https://www.environdec.com/library/epd22356
EPD-IES-0032024:001,Windor Modular Single Leaf Single Glazed Style Door System,Furniture & Fittings,Windor India Pvt Limited,Construction products,Global,India,,kg CO2 eq,,,International EPD System,,,https://www.environdec.com/library/epd32024
EPD-IES-0032026:001,Windor Modular Single Leaf Double Glazed Style Door System,Furniture & Fittings,Windor India Pvt Limited,Construction products,Global,India,,kg CO2 eq,,,International EPD System,,,https://www.environdec.com/library/epd32026
EPD-IES-0032027:001,Windor 48.5mm Thick Laminate Finished Flush Door with Hardware Product,Other,Windor India Pvt Limited,Construction products,Global,India,,kg CO2 eq,,,International EPD System,,,https://www.environdec.com/library/epd32027
EPD-IES-0031930:002,Raised Access Floor Panels,Other,PWS Floors LLP,Construction products,Global,India,,kg CO2 eq,,,International EPD System,,,https://www.environdec.com/library/epd31930
EPD-IES-0029294:001,Portland Slag Cement/ Concreel HD,Concrete & Cement,JSW Cement Limited,Construction products,India,India,,kg CO2 eq,,,International EPD System,,,https://www.environdec.com/library/epd29294
EPD-IES-0031818:001,GYPROC® Gypboard® Effectiv' 12.5 mm,Concrete & Cement,Saint-Gobain India Private Limited,Construction products,India,India,,kg CO2 eq,,,International EPD System,,,https://www.environdec.com/library/epd31818
EPD-IES-0031183:001,Steel Rope Products,Steel & Metal,USHA MARTIN LIMITED,Construction products,Global,India,,kg CO2 eq,,,International EPD System,,,https://www.environdec.com/library/epd31183
EPD-IES-0031184:001,LRPC Strand Products,Steel & Metal,USHA MARTIN LIMITED,Construction products,Global,India,,kg CO2 eq,,,International EPD System,,,https://www.environdec.com/library/epd31184
EPD-IES-0031182:001,Steel Wire Products,Steel & Metal,USHA MARTIN LIMITED,Construction products,Global,India,,kg CO2 eq,,,International EPD System,,,https://www.environdec.com/library/epd31182
EPD-IES-0025022:003,JK Tyre- 295/80R22.5_JUL1_16PR_TL_E,Steel & Metal,JK Tyre & Industries Ltd.,"Metal, mineral, plastic & glass products",Global,India,,kg CO2 eq,,,International EPD System,,,https://www.environdec.com/library/epd25022
EPD-IES-0025021:003,JK Tyre- 215/55R18 UX Royale,Steel & Metal,JK Tyre & Industries Ltd.,"Metal, mineral, plastic & glass products",Global,India,,kg CO2 eq,,,International EPD System,,,https://www.environdec.com/library/epd25021
EPD-IES-0025023:003,JK Tyre- 235/75R17.5 JUH5 ALL STEEL 14PR,Steel & Metal,JK Tyre & Industries Ltd.,"Metal, mineral, plastic & glass products",Global,India,,kg CO2 eq,,,International EPD System,,,https://www.environdec.com/library/epd25023
EPD-IES-0031496:002,Healthcare Beds,Other,Godrej & Boyce Manufacturing Company Limited,Construction products,India,India,,kg CO2 eq,,,International EPD System,,,https://www.environdec.com/library/epd31496
EPD-IES-0031358:002,Seating (Chairs),Furniture & Fittings,Godrej & Boyce Manufacturing Company Limited,Construction products,India,India,,kg CO2 eq,,,International EPD System,,,https://www.environdec.com/library/epd31358
EPD-IES-0031377:001,Flexivate- Height Adjustable Tables,Furniture & Fittings,Talin Modular Office Furniture Systems Pvt. Ltd.,Construction products,India,India,,kg CO2 eq,,,International EPD System,,,https://www.environdec.com/library/epd31377
EPD-IES-0027273:002,L'LIOS 580-600 Wp N-Type Topcon 16BB Bifacial (Glass to Glass) Solar Photovoltaic Module,Concrete & Cement,RAYZON SOLAR LIMITED,Construction products,India,India,,kg CO2 eq,,,International EPD System,,,https://www.environdec.com/library/epd27273
EPD-IES-0031490:002,Storage,Furniture & Fittings,Godrej & Boyce Manufacturing Company Limited,Construction products,India,India,,kg CO2 eq,,,International EPD System,,,https://www.environdec.com/library/epd31490
EPD-IES-0025339:002,OPOS,Other,Godrej & Boyce Manufacturing Company Limited,Construction products,India,India,,kg CO2 eq,,,International EPD System,,,https://www.environdec.com/library/epd25339
EPD-IES-0031281:002,Desking,Furniture & Fittings,Godrej & Boyce Manufacturing Company Limited,Construction products,India,India,,kg CO2 eq,,,International EPD System,,,https://www.environdec.com/library/epd31281
EPD-IES-0031177:001,Steel Wire,Steel & Metal,USHA MARTIN LIMITED,Construction products,Global,India,,kg CO2 eq,,,International EPD System,,,https://www.environdec.com/library/epd31177
EPD-IES-0031180:001,Steel Rope,Steel & Metal,USHA MARTIN LIMITED,Construction products,Global,India,,kg CO2 eq,,,International EPD System,,,https://www.environdec.com/library/epd31180
EPD-IES-0012013:005,Ductile Iron Pipe,Steel & Metal,Jindal SAW Limited,Construction products,India,India,,kg CO2 eq,,,International EPD System,,,https://www.environdec.com/library/epd12013
EPD-IES-0031101:001,Acsilo Cellulose Fiber Acoustic Spray,Insulation & Acoustic,Tranquil,Construction products,India,India,,kg CO2 eq,,,International EPD System,,,https://www.environdec.com/library/epd31101
EPD-IES-0031137:001,Mass Loaded Vinyl (MLV),Insulation & Acoustic,Tranquil,Construction products,India,India,,kg CO2 eq,,,International EPD System,,,https://www.environdec.com/library/epd31137
EPD-IES-0031140:004,ELARA Fibreglass Panel,Glass & Glazing,Tranquil,Construction products,India,India,,kg CO2 eq,,,International EPD System,,,https://www.environdec.com/library/epd31140
EPD-IES-0031141:001,ECOCORE PET Panel,Insulation & Acoustic,Tranquil,Construction products,India,India,,kg CO2 eq,,,International EPD System,,,https://www.environdec.com/library/epd31141
EPD-IES-0031145:001,Wooden Acoustic Panels - Woodline & Ecowood,Timber & Wood,Tranquil,Construction products,India,India,,kg CO2 eq,,,International EPD System,,,https://www.environdec.com/library/epd31145
EPD-IES-0031097:002,Magnelis (Metallic Coated Sheet),Steel & Metal,ArcelorMittal Nippon Steel India Private Limited,Construction products,Global,India,,kg CO2 eq,,,International EPD System,,,https://www.environdec.com/library/epd31097
EPD-IES-0029223:002,Optigal (Metallic colour coated steel),Steel & Metal,ArcelorMittal Nippon Steel India Private Limited,Construction products,Global,India,,kg CO2 eq,,,International EPD System,,,https://www.environdec.com/library/epd29223
EPD-IES-0031048:001,Ordinary Portland Cement,Concrete & Cement,Ambuja Cements Limited,Construction products,India,India,,kg CO2 eq,,,International EPD System,,,https://www.environdec.com/library/epd31048
EPD-IES-0031051:001,Ordinary Portland Cement,Concrete & Cement,ACC Limited,Construction products,India,India,,kg CO2 eq,,,International EPD System,,,https://www.environdec.com/library/epd31051
EPD-IES-0030221:002,WOOD WOOL BOARD - NISHABD STRAND,Steel & Metal,MECHTRIX ENGINEERS LLP,Construction products,India,India,,kg CO2 eq,,,International EPD System,,,https://www.environdec.com/library/epd30221
EPD-IES-0029315:002,6HI Cold Rolling Mill 1250MM@1100MPM,Machinery & Equipment,Yogiji Digi Limited,Machinery & equipment,Global,India,,kg CO2 eq,,,International EPD System,,,https://www.environdec.com/library/epd29315
EPD-IES-0028927:001,Powder Coated Aluminium Extruded Profiles,Aluminium,BHORUKA EXTRUSIONS PRIVATE LIMITED,Construction products,Global,India,,kg CO2 eq,,,International EPD System,,,https://www.environdec.com/library/epd28927
EPD-IES-0029293:001,Modular Chairs,Furniture & Fittings,Featherlite Furniture,Construction products,India,India,,kg CO2 eq,,,International EPD System,,,https://www.environdec.com/library/epd29293
EPD-IES-0005172:001,Steel Hot Rolled Coil,Steel & Metal,JSW Steel Limited,Construction products,Global,India,,kg CO2 eq,,,International EPD System,,,https://www.environdec.com/library/epd5172
EPD-IES-0025435:001,Cold Rolled Closed Annealed Coil,Steel & Metal,JSW Steel Limited,Construction products,Global,India,,kg CO2 eq,,,International EPD System,,,https://www.environdec.com/library/epd25435
EPD-IES-0020876:002,"Ductile Iron Pipes of C30 Pressure Class, including Ductile Iron Fittings",Steel & Metal,Electrosteel Castings Limited,Construction products,India,India,,kg CO2 eq,,,International EPD System,,,https://www.environdec.com/library/epd20876
EPD-IES-0020877:002,"Ductile Iron Pipes of C40 Pressure Class, including Ductile Iron Fittings",Steel & Metal,Electrosteel Castings Limited,Construction products,India,India,,kg CO2 eq,,,International EPD System,,,https://www.environdec.com/library/epd20877
EPD-IES-0020878:002,"Ductile Iron Pipes of C25 Pressure Class, including Ductile Iron Fittings",Steel & Metal,Electrosteel Castings Limited,Construction products,India,India,,kg CO2 eq,,,International EPD System,,,https://www.environdec.com/library/epd20878
EPD-IES-0028871:001,Tapi Trans Dual Series: M10R,Other,Solex Energy Limited,Construction products,Global,India,,kg CO2 eq,,,International EPD System,,,https://www.environdec.com/library/epd28871
EPD-IES-0028872:001,Tapi-R Series: G12R,Other,Solex Energy Limited,Construction products,Global,India,,kg CO2 eq,,,International EPD System,,,https://www.environdec.com/library/epd28872
EPD-IES-0028287:001,"Aluminium Billet ""Continuum""",Aluminium,CMR Green Technologies Limited,Construction products,Global,India,,kg CO2 eq,,,International EPD System,,,https://www.environdec.com/library/epd28287
EPD-IES-0028470:006,75 KVA Oil filled Transformer 10395C,Machinery & Equipment,Toshiba Transmission & Distribution Systems (India) Pvt. Ltd.,Machinery & equipment,Global,India,,kg CO2 eq,,,International EPD System,,,https://www.environdec.com/library/epd28470
EPD-IES-0028471:005,150 KVA Oil filled Transformer 8175I,Machinery & Equipment,Toshiba Transmission & Distribution Systems (India) Pvt. Ltd.,Machinery & equipment,Global,India,,kg CO2 eq,,,International EPD System,,,https://www.environdec.com/library/epd28471
EPD-IES-0028472:005,150 KVA Oil filled Transformer 10396E,Machinery & Equipment,Toshiba Transmission & Distribution Systems (India) Pvt. Ltd.,Machinery & equipment,Global,India,,kg CO2 eq,,,International EPD System,,,https://www.environdec.com/library/epd28472
EPD-IES-0028473:005,400 KVA Oil filled Transformer 08174E,Machinery & Equipment,Toshiba Transmission & Distribution Systems (India) Pvt. Ltd.,Machinery & equipment,Global,India,,kg CO2 eq,,,International EPD System,,,https://www.environdec.com/library/epd28473
EPD-IES-0028474:005,500 KVA Oil filled Transformer 08178E,Machinery & Equipment,Toshiba Transmission & Distribution Systems (India) Pvt. Ltd.,Machinery & equipment,Global,India,,kg CO2 eq,,,International EPD System,,,https://www.environdec.com/library/epd28474
EPD-IES-0028934:003,400 KVA Oil filled Transformer 8493H,Machinery & Equipment,Toshiba Transmission & Distribution Systems (India) Pvt. Ltd.,Machinery & equipment,Global,India,,kg CO2 eq,,,International EPD System,,,https://www.environdec.com/library/epd28934
EPD-IES-0015922:001,"Life Cycle Assessment of Minesform 8PVF, OceanMax 35, Powerfrom 8P",Other,USHA MARTIN LIMITED,Construction products,India,India,,kg CO2 eq,,,International EPD System,,,https://www.environdec.com/library/epd15922
EPD-IES-0028392:003,NTOPCON BIFACIAL G12R,Concrete & Cement,Saatvik Green Energy Limited,Construction products,India,India,,kg CO2 eq,,,International EPD System,,,https://www.environdec.com/library/epd28392
EPD-IES-0014193:004,Conference Table,Furniture & Fittings,KOKUYO Workplace India Limited,Construction products,Global,India,,kg CO2 eq,,,International EPD System,,,https://www.environdec.com/library/epd14193
EPD-IES-0014194:002,Desking Products,Furniture & Fittings,KOKUYO Workplace India Limited,Construction products,Global,India,,kg CO2 eq,,,International EPD System,,,https://www.environdec.com/library/epd14194
EPD-IES-0014195:004,Avail Height Adjustable Desk,Furniture & Fittings,KOKUYO Workplace India Limited,Construction products,Global,India,,kg CO2 eq,,,International EPD System,,,https://www.environdec.com/library/epd14195
EPD-IES-0015163:002,Storage Systems,Furniture & Fittings,KOKUYO Workplace India Limited,Construction products,Global,India,,kg CO2 eq,,,International EPD System,,,https://www.environdec.com/library/epd15163
EPD-IES-0015164:002,Chair,Furniture & Fittings,KOKUYO Workplace India Limited,Construction products,Global,India,,kg CO2 eq,,,International EPD System,,,https://www.environdec.com/library/epd15164
EPD-IES-0028653:001,Steel Flange,Steel & Metal,Echjay Forgings Pvt. Ltd.,Construction products,Global,India,,kg CO2 eq,,,International EPD System,,,https://www.environdec.com/library/epd28653
EPD-IES-0028340:002,Pile Gripper,Other,IRM OFFSHORE AND MARINE ENGINEERS PVT.LTD.,Construction products,Global,India,,kg CO2 eq,,,International EPD System,,,https://www.environdec.com/library/epd28340
EPD-IES-0028618:001,Ikkita Chair-Alankaram,Furniture & Fittings,Alankaram,Construction products,India,India,,kg CO2 eq,,,International EPD System,,,https://www.environdec.com/library/epd28618
EPD-IES-0028623:001,Mesa Dinning Table-Alankaram,Furniture & Fittings,Alankaram,Construction products,India,India,,kg CO2 eq,,,International EPD System,,,https://www.environdec.com/library/epd28623
EPD-IES-0028226:002,Penebiotech Green M+,Chemical Products,Penetron Products Pvt. Ltd.,Chemical products,Global,India,,kg CO2 eq,,,International EPD System,,,https://www.environdec.com/library/epd28226
EPD-IES-0028227:002,Penebiotech Trapbom,Chemical Products,Penetron Products Pvt. Ltd.,Chemical products,Global,India,,kg CO2 eq,,,International EPD System,,,https://www.environdec.com/library/epd28227
EPD-IES-0028228:002,Penebiotech WB Clean,Chemical Products,Penetron Products Pvt. Ltd.,Chemical products,Global,India,,kg CO2 eq,,,International EPD System,,,https://www.environdec.com/library/epd28228
EPD-IES-0027634:001,Unitized Curtain Wall U-8000,Glass & Glazing,Glass Wall Systems India Ltd,Construction products,Global,India,,kg CO2 eq,,,International EPD System,,,https://www.environdec.com/library/epd27634
EPD-IES-0028173:001,Punched Window – PW - 450,Glass & Glazing,Glass Wall Systems India Ltd,Construction products,Global,India,,kg CO2 eq,,,International EPD System,,,https://www.environdec.com/library/epd28173
EPD-IES-0028218:001,Store Front SF-102,Other,Glass Wall Systems India Ltd,Construction products,Global,India,,kg CO2 eq,,,International EPD System,,,https://www.environdec.com/library/epd28218
EPD-IES-0028246:001,Window Wall WW-9500,Glass & Glazing,Glass Wall Systems India Ltd,Construction products,Global,India,,kg CO2 eq,,,International EPD System,,,https://www.environdec.com/library/epd28246
EPD-IES-0028248:001,Unitized Curtain Wall- U-140,Glass & Glazing,Glass Wall Systems India Ltd,Construction products,Global,India,,kg CO2 eq,,,International EPD System,,,https://www.environdec.com/library/epd28248
EPD-IES-0016475:003,ER 1711®,Steel & Metal,SAINT-GOBAIN INDIA PRIVATE LIMITED-SEPR India,"Metal, mineral, plastic & glass products",Global,India,,kg CO2 eq,,,International EPD System,,,https://www.environdec.com/library/epd16475
EPD-IES-0027946:001,ER 1685,Steel & Metal,SAINT-GOBAIN INDIA PRIVATE LIMITED-SEPR India,"Metal, mineral, plastic & glass products",India,India,,kg CO2 eq,,,International EPD System,,,https://www.environdec.com/library/epd27946
EPD-IES-0027947:001,ER 1699,Steel & Metal,SAINT-GOBAIN INDIA PRIVATE LIMITED-SEPR India,"Metal, mineral, plastic & glass products",India,India,,kg CO2 eq,,,International EPD System,,,https://www.environdec.com/library/epd27947
EPD-IES-0027949:001,Jargal®,Steel & Metal,SAINT-GOBAIN INDIA PRIVATE LIMITED-SEPR India,"Metal, mineral, plastic & glass products",India,India,,kg CO2 eq,,,International EPD System,,,https://www.environdec.com/library/epd27949
EPD-IES-0027945:001,ER 1681®,Steel & Metal,SAINT-GOBAIN INDIA PRIVATE LIMITED-SEPR India,"Metal, mineral, plastic & glass products",India,India,,kg CO2 eq,,,International EPD System,,,https://www.environdec.com/library/epd27945
EPD-IES-0027948:001,ER 1851®,Steel & Metal,SAINT-GOBAIN INDIA PRIVATE LIMITED-SEPR India,"Metal, mineral, plastic & glass products",India,India,,kg CO2 eq,,,International EPD System,,,https://www.environdec.com/library/epd27948
EPD-IES-0017309:005,Restora Ultra,Other,VEDANTA ALUMINIUM LIMITED,Construction products,Global,India,,kg CO2 eq,,,International EPD System,,,https://www.environdec.com/library/epd17309
EPD-IES-0017334:005,Restora,Other,VEDANTA ALUMINIUM LIMITED,Construction products,Global,India,,kg CO2 eq,,,International EPD System,,,https://www.environdec.com/library/epd17334
EPD-IES-0026930:001,Alu-Zinc Coated Steel in Sheets & Coils,Steel & Metal,APL Apollo Building Products Limited,Construction products,India,India,,kg CO2 eq,,,International EPD System,,,https://www.environdec.com/library/epd26930
EPD-IES-0026931:001,Pre-Painted Alu-Zinc Coated Steel in Sheets & Coils,Steel & Metal,APL Apollo Building Products Limited,Construction products,India,India,,kg CO2 eq,,,International EPD System,,,https://www.environdec.com/library/epd26931
EPD-IES-0026932:001,Galvanized Steel in Sheets & Coils,Steel & Metal,APL Apollo Building Products Limited,Construction products,India,India,,kg CO2 eq,,,International EPD System,,,https://www.environdec.com/library/epd26932
EPD-IES-0026933:001,Pre-Painted Galvanized Steel in Sheets & Coils,Steel & Metal,APL Apollo Building Products Limited,Construction products,India,India,,kg CO2 eq,,,International EPD System,,,https://www.environdec.com/library/epd26933
EPD-IES-0026934:001,"MS Tubes, Pipes & Hollow Section",Steel & Metal,APL Apollo Building Products Limited,Construction products,India,India,,kg CO2 eq,,,International EPD System,,,https://www.environdec.com/library/epd26934
EPD-IES-0026935:001,GP Tubes & Pipes,Steel & Metal,APL Apollo Building Products Limited,Construction products,India,India,,kg CO2 eq,,,International EPD System,,,https://www.environdec.com/library/epd26935
EPD-IES-0028105:001,SGG REFLECTASOL® on PLANILUX® 4 mm,Glass & Glazing,Saint-Gobain India Private Limited,Construction products,India,India,,kg CO2 eq,,,International EPD System,,,https://www.environdec.com/library/epd28105
EPD-IES-0028104:001,SGG REFLECTASOL® on PLANILUX® 3.5 mm,Glass & Glazing,Saint-Gobain India Private Limited,Construction products,India,India,,kg CO2 eq,,,International EPD System,,,https://www.environdec.com/library/epd28104
EPD-IES-0028107:001,SGG REFLECTASOL® on PLANILUX® 5 mm,Glass & Glazing,Saint-Gobain India Private Limited,Construction products,India,India,,kg CO2 eq,,,International EPD System,,,https://www.environdec.com/library/epd28107
EPD-IES-0028103:001,SGG REFLECTASOL® on PARSOL® 6 mm,Glass & Glazing,Saint-Gobain India Private Limited,Construction products,India,India,,kg CO2 eq,,,International EPD System,,,https://www.environdec.com/library/epd28103
EPD-IES-0028100:001,SGG REFLECTASOL® on PARSOL® 3.5 mm,Glass & Glazing,Saint-Gobain India Private Limited,Construction products,India,India,,kg CO2 eq,,,International EPD System,,,https://www.environdec.com/library/epd28100
EPD-IES-0026799:001,SGG REFLECTASOL® on PARSOL® 4 mm,Glass & Glazing,Saint-Gobain India Private Limited,Construction products,India,India,,kg CO2 eq,,,International EPD System,,,https://www.environdec.com/library/epd26799
EPD-IES-0028102:001,SGG REFLECTASOL® on PARSOL® 5 mm,Glass & Glazing,Saint-Gobain India Private Limited,Construction products,India,India,,kg CO2 eq,,,International EPD System,,,https://www.environdec.com/library/epd28102
EPD-IES-0028269:001,Colormaxx 4mm,Glass & Glazing,Saint-Gobain India Private Limited,Construction products,India,India,,kg CO2 eq,,,International EPD System,,,https://www.environdec.com/library/epd28269
EPD-IES-0028283:001,Colormaxx 5mm,Glass & Glazing,Saint-Gobain India Private Limited,Construction products,India,India,,kg CO2 eq,,,International EPD System,,,https://www.environdec.com/library/epd28283
EPD-IES-0028285:001,Colormaxx 6mm,Glass & Glazing,Saint-Gobain India Private Limited,Construction products,India,India,,kg CO2 eq,,,International EPD System,,,https://www.environdec.com/library/epd28285
EPD-IES-0028303:001,Colormaxx Dura 4mm,Glass & Glazing,Saint-Gobain India Private Limited,Construction products,India,India,,kg CO2 eq,,,International EPD System,,,https://www.environdec.com/library/epd28303
EPD-IES-0028304:001,Colormaxx Dura 5mm,Glass & Glazing,Saint-Gobain India Private Limited,Construction products,India,India,,kg CO2 eq,,,International EPD System,,,https://www.environdec.com/library/epd28304
EPD-IES-0028305:001,Colormaxx Dura 6mm,Glass & Glazing,Saint-Gobain India Private Limited,Construction products,India,India,,kg CO2 eq,,,International EPD System,,,https://www.environdec.com/library/epd28305
EPD-IES-0026136:001,Coal-Based Direct Reduced Iron product,Steel & Metal,Lloyds Metals and Energy Limited,Construction products,Global,India,,kg CO2 eq,,,International EPD System,,,https://www.environdec.com/library/epd26136
EPD-IES-0021402:002,ACSR Duck,Other,STERLITE POWER TRANSMISSION LTD,Construction products,Global,India,,kg CO2 eq,,,International EPD System,,,https://www.environdec.com/library/epd21402
EPD-IES-0025485:001,Satin Silver® & Satin Silver® Supreme - Khopoli,Other,Tata BlueScope Steel Pvt. Ltd.,Construction products,Global,India,,kg CO2 eq,,,International EPD System,,,https://www.environdec.com/library/epd25485
EPD-IES-0027452:001,Elastomeric Bearing,Other,mageba bridge products private limited,Construction products,India,India,,kg CO2 eq,,,International EPD System,,,https://www.environdec.com/library/epd27452
EPD-IES-0027515:001,ZymeFlow Rezyd-HP Z71,Chemical Products,CR3 Group,Chemical products,Global,India,,kg CO2 eq,,,International EPD System,,,https://www.environdec.com/library/epd27515
EPD-IES-0027516:001,ZymeFlow Super Tank Zyme Z21,Chemical Products,CR3 Group,Chemical products,Global,India,,kg CO2 eq,,,International EPD System,,,https://www.environdec.com/library/epd27516
EPD-IES-0027517:001,ZymeFlow Zyme-OX plus Z50,Chemical Products,CR3 Group,Chemical products,Global,India,,kg CO2 eq,,,International EPD System,,,https://www.environdec.com/library/epd27517
EPD-IES-0026208:002,Smart Locker,Other,Fonzel Office Solutions Pvt. Ltd.,Construction products,India,India,,kg CO2 eq,,,International EPD System,,,https://www.environdec.com/library/epd26208
EPD-IES-0026555:002,Monitor Arm (Apollo4 & A20+ Series),Other,Modtec Industries India Private Limited,Construction products,Global,India,,kg CO2 eq,,,International EPD System,,,https://www.environdec.com/library/epd26555
EPD-IES-0021818:001,Spring Steel Wire,Steel & Metal,Tata Steel Limited,"Metal, mineral, plastic & glass products",India,India,,kg CO2 eq,,,International EPD System,,,https://www.environdec.com/library/epd21818
EPD-IES-0021820:001,Galvanized Wire,Steel & Metal,Tata Steel Limited,"Metal, mineral, plastic & glass products",India,India,,kg CO2 eq,,,International EPD System,,,https://www.environdec.com/library/epd21820
EPD-IES-0021821:001,Low Relaxed Pre-stressed concrete (LRPC) Wire,Concrete & Cement,Tata Steel Limited,Construction products,India,India,,kg CO2 eq,,,International EPD System,,,https://www.environdec.com/library/epd21821
EPD-IES-0009223:004,SGG PARSOL® 6 mm,Glass & Glazing,Saint-Gobain India Private Limited,Construction products,India,India,,kg CO2 eq,,,International EPD System,,,https://www.environdec.com/library/epd9223
EPD-IES-0007804:003,Austenitic Cold Rolled Annealed Pickled Sheets and Coils,Steel & Metal,Jindal Stainless Limited,Construction products,India,India,,kg CO2 eq,,,International EPD System,,,https://www.environdec.com/library/epd7804
EPD-IES-0007840:002,Austenitic Hot Rolled Annealed Pickled Plates and Coils,Steel & Metal,Jindal Stainless Limited,Construction products,Global,India,,kg CO2 eq,,,International EPD System,,,https://www.environdec.com/library/epd7840
EPD-IES-0026582:002,Ferritic Hot Rolled Annealed Pickled Plates and Coils,Steel & Metal,Jindal Stainless Limited,Construction products,Global,India,,kg CO2 eq,,,International EPD System,,,https://www.environdec.com/library/epd26582
EPD-IES-0026583:002,Ferritic Cold Rolled Annealed Pickled Sheets and Coils,Steel & Metal,Jindal Stainless Limited,Construction products,India,India,,kg CO2 eq,,,International EPD System,,,https://www.environdec.com/library/epd26583
EPD-IES-0024698:003,"Alu-Zinc Coated, Galvanised and Pre-painted steel coil,sheets and profile",Steel & Metal,Colorshine Coated Private Limited,Construction products,Global,India,,kg CO2 eq,,,International EPD System,,,https://www.environdec.com/library/epd24698
EPD-IES-0024631:002,Knauf India Ultraframe Metal Profiles,Steel & Metal,Knauf India Private Limited,Construction products,India,India,,kg CO2 eq,,,International EPD System,,,https://www.environdec.com/library/epd24631
EPD-IES-0024648:002,Knauf India All Purpose Joint Compound,Other,Knauf India Private Limited,Construction products,India,India,,kg CO2 eq,,,International EPD System,,,https://www.environdec.com/library/epd24648
EPD-IES-0024244:002,VDS® SWING DOOR frame,Other,Saint-Gobain India Private Limited,Construction products,India,India,,kg CO2 eq,,,International EPD System,,,https://www.environdec.com/library/epd24244
EPD-IES-0004492:002,Radiant Baffle,Other,Infosys,Construction products,India,India,,kg CO2 eq,,,International EPD System,,,https://www.environdec.com/library/epd4492
EPD-IES-0023919:002,Satin Silver® & Satin Silver® Supreme - Meramandali,Other,Tata BlueScope Steel Pvt. Ltd.,Construction products,Global,India,,kg CO2 eq,,,International EPD System,,,https://www.environdec.com/library/epd23919
EPD-IES-0025912:003,"XLPE Foam Thermal & Acoustic Insulation Products (Rolls, Sheets and Tube)",Steel & Metal,Aerolam Insulations Private Limted,Construction products,Global,India,,kg CO2 eq,,,International EPD System,,,https://www.environdec.com/library/epd25912
EPD-IES-0025913:003,High Pressure Laminates,Other,Luxotica Industries Private Limited,Construction products,Global,India,,kg CO2 eq,,,International EPD System,,,https://www.environdec.com/library/epd25913
EPD-IES-0026553:002,Desk Consoles - XLAT,Furniture & Fittings,ONEPWS PRIVATE LIMITED,Construction products,Global,India,,kg CO2 eq,,,International EPD System,,,https://www.environdec.com/library/epd26553
EPD-IES-0012057:005,"TMT Bars - ARS 550D, ARS CRS 550D (98% Recycled Steel)",Steel & Metal,ARS Steels and Alloy International Private Ltd,Construction products,India,India,,kg CO2 eq,,,International EPD System,,,https://www.environdec.com/library/epd12057
EPD-IES-0022547:006,ZymeFlow Rezyd-X Z67,Chemical Products,CR3 Group,Chemical products,Global,India,,kg CO2 eq,,,International EPD System,,,https://www.environdec.com/library/epd22547
EPD-IES-0022548:006,ZymeFlow UN657,Chemical Products,CR3 Group,Chemical products,Global,India,,kg CO2 eq,,,International EPD System,,,https://www.environdec.com/library/epd22548
EPD-IES-0022924:005,Samrat Ply,Timber & Wood,Samrat Plywood Limited,Construction products,India,India,,kg CO2 eq,,,International EPD System,,,https://www.environdec.com/library/epd22924
EPD-IES-0024224:004,Samrat HPL,Other,Samrat Plywood Limited,Construction products,India,India,,kg CO2 eq,,,International EPD System,,,https://www.environdec.com/library/epd24224
EPD-IES-0014568:003,TMT Bars,Steel & Metal,Peekay Steels,Construction products,India,India,,kg CO2 eq,,,International EPD System,,,https://www.environdec.com/library/epd14568
EPD-IES-0025464:001,OMNI Linear Modular Suspended system,Furniture & Fittings,Focus Lighting And Fixtures Limited,Construction products,Global,India,,kg CO2 eq,,,International EPD System,,,https://www.environdec.com/library/epd25464
EPD-IES-0024111:002,AL59 910,Other,STERLITE POWER TRANSMISSION LTD,Construction products,Global,India,,kg CO2 eq,,,International EPD System,,,https://www.environdec.com/library/epd24111
EPD-IES-0024800:001,GYPROC® Habito Standard™ 13 mm,Other,Saint-Gobain India Private Limited,Construction products,India,India,,kg CO2 eq,,,International EPD System,,,https://www.environdec.com/library/epd24800
EPD-IES-0025538:001,LT Cable - 3.5 Core X 400 Sqmm,Other,GEMSCAB INDUSTRIES LIMITED,Construction products,Global,India,,kg CO2 eq,,,International EPD System,,,https://www.environdec.com/library/epd25538
EPD-IES-0025539:001,HT Cable - 3 Core X 400 Sqmm,Other,GEMSCAB INDUSTRIES LIMITED,Construction products,Global,India,,kg CO2 eq,,,International EPD System,,,https://www.environdec.com/library/epd25539
EPD-IES-0024571:004,Fire Resistant Glass (FRG),Glass & Glazing,Asahi Glass India Ltd. (AIS),Construction products,Global,India,,kg CO2 eq,,,International EPD System,,,https://www.environdec.com/library/epd24571
EPD-IES-0024574:003,AIS Clear Float Glass,Glass & Glazing,Asahi Glass India Ltd. (AIS),Construction products,Global,India,,kg CO2 eq,,,International EPD System,,,https://www.environdec.com/library/epd24574
EPD-IES-0024582:003,AIS Tinted Glass,Glass & Glazing,Asahi Glass India Ltd. (AIS),Construction products,Global,India,,kg CO2 eq,,,International EPD System,,,https://www.environdec.com/library/epd24582
EPD-IES-0024584:003,AIS Laminated Glass,Glass & Glazing,Asahi Glass India Ltd. (AIS),Construction products,Global,India,,kg CO2 eq,,,International EPD System,,,https://www.environdec.com/library/epd24584
EPD-IES-0024583:003,AIS Heat Treated Glass,Glass & Glazing,Asahi Glass India Ltd. (AIS),Construction products,Global,India,,kg CO2 eq,,,International EPD System,,,https://www.environdec.com/library/epd24583
EPD-IES-0024586:003,AIS Insulated Glass Unit,Glass & Glazing,Asahi Glass India Ltd. (AIS),Construction products,Global,India,,kg CO2 eq,,,International EPD System,,,https://www.environdec.com/library/epd24586
EPD-IES-0024589:003,AIS Offline Coated Glass,Glass & Glazing,Asahi Glass India Ltd. (AIS),Construction products,Global,India,,kg CO2 eq,,,International EPD System,,,https://www.environdec.com/library/epd24589
EPD-IES-0024590:003,AIS Online Coated Glass,Glass & Glazing,Asahi Glass India Ltd. (AIS),Construction products,Global,India,,kg CO2 eq,,,International EPD System,,,https://www.environdec.com/library/epd24590
EPD-IES-0024591:003,AIS Ceramic Frit Glass,Glass & Glazing,Asahi Glass India Ltd. (AIS),Construction products,Global,India,,kg CO2 eq,,,International EPD System,,,https://www.environdec.com/library/epd24591
EPD-IES-0024593:003,AIS Frosted Glass,Glass & Glazing,Asahi Glass India Ltd. (AIS),Construction products,Global,India,,kg CO2 eq,,,International EPD System,,,https://www.environdec.com/library/epd24593
EPD-IES-0017772:002,Height Adjustable Table,Furniture & Fittings,Featherlite Furniture,Construction products,India,India,,kg CO2 eq,,,International EPD System,,,https://www.environdec.com/library/epd17772
EPD-IES-0022574:002,Magnetron coated glass on ORAE® 6 mm,Glass & Glazing,Saint-Gobain India Private Limited,Construction products,India,India,,kg CO2 eq,,,International EPD System,,,https://www.environdec.com/library/epd22574
EPD-IES-0021776:002,ORAÉ® 8 mm,Other,Saint-Gobain India Private Limited,Construction products,India,India,,kg CO2 eq,,,International EPD System,,,https://www.environdec.com/library/epd21776
EPD-IES-0023942:002,Magnetron coated glass on ORAE® 8 mm,Glass & Glazing,Saint-Gobain India Private Limited,Construction products,India,India,,kg CO2 eq,,,International EPD System,,,https://www.environdec.com/library/epd23942
EPD-IES-0024225:003,Game Changer 100% Recycled BCF Yarn,Other,AYM Syntex Limited,Construction products,Global,India,,kg CO2 eq,,,International EPD System,,,https://www.environdec.com/library/epd24225
EPD-IES-0024614:004,Recycled Nylon BCF Yarn,Other,AYM Syntex Limited,Construction products,Global,India,,kg CO2 eq,,,International EPD System,,,https://www.environdec.com/library/epd24614
EPD-IES-0024799:004,GYPROC® Rigiroc™ 13 mm,Other,Saint-Gobain India Private Limited,Construction products,India,India,,kg CO2 eq,,,International EPD System,,,https://www.environdec.com/library/epd24799
EPD-IES-0022639:002,Dry Fly ash,Concrete & Cement,JSW Energy Limited,Construction products,India,India,,kg CO2 eq,,,International EPD System,,,https://www.environdec.com/library/epd22639
EPD-IES-0023972:002,Ready Mix Concrete (M75 & M80),Concrete & Cement,ACC Limited,Construction products,India,India,,kg CO2 eq,,,International EPD System,,,https://www.environdec.com/library/epd23972
EPD-IES-0012014:003,SAWH Coated Steel Pipe,Steel & Metal,Jindal SAW Limited,Construction products,India,India,,kg CO2 eq,,,International EPD System,,,https://www.environdec.com/library/epd12014
EPD-IES-0012015:003,CRA Welded Pipe,Steel & Metal,Jindal SAW Limited,Construction products,India,India,,kg CO2 eq,,,International EPD System,,,https://www.environdec.com/library/epd12015
EPD-IES-0022358:001,Windor Movewall - Sliding Folding partition,Glass & Glazing,Windor India Pvt Limited,Construction products,Global,India,,kg CO2 eq,,,International EPD System,,,https://www.environdec.com/library/epd22358
EPD-IES-0022359:001,Windor Phone booth,Other,Windor India Pvt Limited,Construction products,Global,India,,kg CO2 eq,,,International EPD System,,,https://www.environdec.com/library/epd22359
EPD-IES-0024476:001,High Security Safes,Other,Godrej & Boyce Manufacturing Company Limited,Construction products,Global,India,,kg CO2 eq,,,International EPD System,,,https://www.environdec.com/library/epd24476
EPD-IES-0024671:002,Knauf India Thundersteel Metal Profiles,Steel & Metal,Knauf India Private Limited,Construction products,India,India,,kg CO2 eq,,,International EPD System,,,https://www.environdec.com/library/epd24671
EPD-IES-0024700:001,Continuous Cast Copper Rod,Other,Vedanta Limited - Sterlite Copper,Construction products,Global,India,,kg CO2 eq,,,International EPD System,,,https://www.environdec.com/library/epd24700
EPD-IES-0023969:001,"Ready Mix Concrete (M10, M15, M20 & M25)",Concrete & Cement,ACC Limited,Construction products,India,India,,kg CO2 eq,,,International EPD System,,,https://www.environdec.com/library/epd23969
EPD-IES-0023970:001,"Ready Mix Concrete (M30, M35, M40 & M45)",Concrete & Cement,ACC Limited,Construction products,India,India,,kg CO2 eq,,,International EPD System,,,https://www.environdec.com/library/epd23970
EPD-IES-0023971:001,"Ready Mix Concrete (M50, M55, M60 & M70)",Concrete & Cement,ACC Limited,Construction products,India,India,,kg CO2 eq,,,International EPD System,,,https://www.environdec.com/library/epd23971
EPD-IES-0023773:002,TOPCon Bifacial Solar Module,Concrete & Cement,ReNew Private Limited,Construction products,Global,India,,kg CO2 eq,,,International EPD System,,,https://www.environdec.com/library/epd23773
EPD-IES-0023952:003,Cold Rolled Closed Annealed,Other,Jamshedpur Continuous Annealing and Processing Company Pvt. Ltd.,Construction products,India,India,,kg CO2 eq,,,International EPD System,,,https://www.environdec.com/library/epd23952
EPD-IES-0022357:001,Windor Primewall - 100MM Modular Solid Partition,Glass & Glazing,Windor India Pvt Limited,Construction products,Global,India,,kg CO2 eq,,,International EPD System,,,https://www.environdec.com/library/epd22357
EPD-IES-0024634:002,Knauf India EASYJOINT,Other,Knauf India Private Limited,Construction products,India,India,,kg CO2 eq,,,International EPD System,,,https://www.environdec.com/library/epd24634
EPD-IES-0024622:003,Knauf India ST55 Metal Profiles,Steel & Metal,Knauf India Private Limited,Construction products,India,India,,kg CO2 eq,,,International EPD System,,,https://www.environdec.com/library/epd24622
EPD-IES-0024628:001,Acoustic Panel,Timber & Wood,United Acoustic Private Limited,Construction products,Global,India,,kg CO2 eq,,,International EPD System,,,https://www.environdec.com/library/epd24628
EPD-IES-0024647:002,Knauf India EASYPLUS,Other,Knauf India Private Limited,Construction products,India,India,,kg CO2 eq,,,International EPD System,,,https://www.environdec.com/library/epd24647
EPD-IES-0024619:002,Knauf India DRYSTAR Plasterboard,Concrete & Cement,Knauf India Private Limited,Construction products,India,India,,kg CO2 eq,,,International EPD System,,,https://www.environdec.com/library/epd24619
EPD-IES-0024624:002,Knauf India Plasterboards (Multiple Products) SSM,Concrete & Cement,Knauf India Private Limited,Construction products,India,India,,kg CO2 eq,,,International EPD System,,,https://www.environdec.com/library/epd24624
EPD-IES-0024699:001,TMT Bars,Steel & Metal,Prakash Ferrous Industries Private Limited,Construction products,Global,India,,kg CO2 eq,,,International EPD System,,,https://www.environdec.com/library/epd24699
EPD-IES-0024267:005,Knauf India Sheetrock Plasterboard,Concrete & Cement,Knauf India Private Limited,Construction products,India,India,,kg CO2 eq,,,International EPD System,,,https://www.environdec.com/library/epd24267
EPD-IES-0024515:005,Knauf India Sheetrock Plasterboard,Concrete & Cement,Knauf India Private Limited,Construction products,India,India,,kg CO2 eq,,,International EPD System,,,https://www.environdec.com/library/epd24515
EPD-IES-0024516:005,Knauf India Plasterboards (Multiple Products),Concrete & Cement,Knauf India Private Limited,Construction products,India,India,,kg CO2 eq,,,International EPD System,,,https://www.environdec.com/library/epd24516
EPD-IES-0024570:004,Knauf India ST50 Metal Profiles,Steel & Metal,Knauf India Private Limited,Construction products,India,India,,kg CO2 eq,,,International EPD System,,,https://www.environdec.com/library/epd24570
EPD-IES-0024585:002,Knauf India Plasterboards (Multiple Products) - KKR,Concrete & Cement,Knauf India Private Limited,Construction products,India,India,,kg CO2 eq,,,International EPD System,,,https://www.environdec.com/library/epd24585
EPD-IES-0024605:002,Knauf India Plasterboard (Multiple Products),Concrete & Cement,Knauf India Private Limited,Construction products,India,India,,kg CO2 eq,,,International EPD System,,,https://www.environdec.com/library/epd24605
EPD-IES-0024226:003,Game Changer 100% Recycled BCF Intermingled Yarn,Other,AYM Syntex Limited,Construction products,Global,India,,kg CO2 eq,,,International EPD System,,,https://www.environdec.com/library/epd24226
EPD-IES-0022636:002,SGG PLANILUX ® 4mm,Glass & Glazing,Saint-Gobain India Private Limited,Construction products,India,India,,kg CO2 eq,,,International EPD System,,,https://www.environdec.com/library/epd22636
EPD-IES-0021267:002,Average Cold rolled closed annealed coil,Steel & Metal,Tata Steel Limited,Construction products,Global,India,,kg CO2 eq,,,International EPD System,,,https://www.environdec.com/library/epd21267
EPD-IES-0021268:002,Average Galvanized Steel,Steel & Metal,Tata Steel Limited,Construction products,Global,India,,kg CO2 eq,,,International EPD System,,,https://www.environdec.com/library/epd21268
EPD-IES-0023983:001,SGG PARSOL® 5 mm,Glass & Glazing,Saint-Gobain India Private Limited,Construction products,India,India,,kg CO2 eq,,,International EPD System,,,https://www.environdec.com/library/epd23983
EPD-IES-0023989:001,SGG PARSOL® 8 mm,Glass & Glazing,Saint-Gobain India Private Limited,Construction products,India,India,,kg CO2 eq,,,International EPD System,,,https://www.environdec.com/library/epd23989
EPD-IES-0024227:003,Game Changer 100% Recycled BCF Cabled Heat Set Yarn,Other,AYM Syntex Limited,Construction products,Global,India,,kg CO2 eq,,,International EPD System,,,https://www.environdec.com/library/epd24227
EPD-IES-0022638:002,Mild Steel Pipe / Hollow section,Steel & Metal,Nalwa Special Steel Limited,Construction products,Global,India,,kg CO2 eq,,,International EPD System,,,https://www.environdec.com/library/epd22638
EPD-IES-0022440:002,"FR A2, FR B & Non-FR Aluminium Composite Panel",Aluminium,Viva Composite Panels Private Limited,Construction products,Global,India,,kg CO2 eq,,,International EPD System,,,https://www.environdec.com/library/epd22440
EPD-IES-0022524:001,Portland Pozzolana Cement (PPC),Concrete & Cement,Ambuja Cements Limited,Construction products,India,India,,kg CO2 eq,,,International EPD System,,,https://www.environdec.com/library/epd22524
EPD-IES-0022481:004,Penetron Admix,Chemical Products,Penetron Products Pvt. Ltd.,Construction products,India,India,,kg CO2 eq,,,International EPD System,,,https://www.environdec.com/library/epd22481
EPD-IES-0022625:002,Penetron,Chemical Products,Penetron Products Pvt. Ltd.,Construction products,India,India,,kg CO2 eq,,,International EPD System,,,https://www.environdec.com/library/epd22625
EPD-IES-0022523:001,Portland Pozzolana Cement (PPC),Concrete & Cement,ACC Limited,Construction products,India,India,,kg CO2 eq,,,International EPD System,,,https://www.environdec.com/library/epd22523
EPD-IES-0020036:003,200 KVA 20.5/ 0.41 kV Transformer,Machinery & Equipment,Shirdi Sai Electricals Ltd.,Machinery & equipment,Global,India,,kg CO2 eq,,,International EPD System,,,https://www.environdec.com/library/epd20036
EPD-IES-0020985:001,Flexi Raised Access Floors,Other,AET Building Products India Pvt. Limited,Construction products,Global,India,,kg CO2 eq,,,International EPD System,,,https://www.environdec.com/library/epd20985
EPD-IES-0021819:002,MTB Wire,Steel & Metal,Tata Steel Limited,"Metal, mineral, plastic & glass products",Global,India,,kg CO2 eq,,,International EPD System,,,https://www.environdec.com/library/epd21819
EPD-IES-0020031:002,30 KVA 20.5/ 0.41 kV Transformer,Machinery & Equipment,Shirdi Sai Electricals Ltd.,Machinery & equipment,Global,India,,kg CO2 eq,,,International EPD System,,,https://www.environdec.com/library/epd20031
EPD-IES-0020032:002,50 KVA 1/ 0.41 kV Transformer,Machinery & Equipment,Shirdi Sai Electricals Ltd.,Machinery & equipment,Global,India,,kg CO2 eq,,,International EPD System,,,https://www.environdec.com/library/epd20032
EPD-IES-0020033:002,50 KVA 20.5/ 0.41 kV Transformer,Machinery & Equipment,Shirdi Sai Electricals Ltd.,Machinery & equipment,Global,India,,kg CO2 eq,,,International EPD System,,,https://www.environdec.com/library/epd20033
EPD-IES-0020034:002,100 KVA 20.5/ 0.41 kV Transformer,Machinery & Equipment,Shirdi Sai Electricals Ltd.,Machinery & equipment,Global,India,,kg CO2 eq,,,International EPD System,,,https://www.environdec.com/library/epd20034
EPD-IES-0020035:002,200 KVA 1/ 0.41 kV Transformer,Machinery & Equipment,Shirdi Sai Electricals Ltd.,Machinery & equipment,Global,India,,kg CO2 eq,,,International EPD System,,,https://www.environdec.com/library/epd20035
EPD-IES-0021476:001,ERW Steel Pipes/ERW Galvanized Steel Pipes,Steel & Metal,Shri Bajrang Power and Ispat Limited,Construction products,India,India,,kg CO2 eq,,,International EPD System,,,https://www.environdec.com/library/epd21476
EPD-IES-0007405:001,Ground Granulated Blast Furnace Slag (GGBS),Concrete & Cement,JSW Cement Limited,Construction products,India,India,,kg CO2 eq,,,International EPD System,,,https://www.environdec.com/library/epd7405
EPD-IES-0007759:001,Ground Granulated Blast Furnace Slag (GGBS) /Microfine GGBS,Concrete & Cement,JSW Cement Limited,Construction products,India,India,,kg CO2 eq,,,International EPD System,,,https://www.environdec.com/library/epd7759
EPD-IES-0021266:001,Average Steel Slab,Steel & Metal,Tata Steel Limited,Construction products,Global,India,,kg CO2 eq,,,International EPD System,,,https://www.environdec.com/library/epd21266
EPD-IES-0017633:003,Rockinsul RB Slab 60 kg/m3,Other,Saint-Gobain India Private Limited,Construction products,Asia,India,,kg CO2 eq,,,International EPD System,,,https://www.environdec.com/library/epd17633
EPD-IES-0021337:001,Average High Pressure Laminate (HPL) -Compact panels,Other,Century Panels Limited,Construction products,Global,India,,kg CO2 eq,,,International EPD System,,,https://www.environdec.com/library/epd21337
EPD-IES-0018119:001,Deep Groove Ball Bearing: 6010,Machinery & Equipment,National Engineering Industries Limited,Machinery & equipment,Global,India,,kg CO2 eq,,,International EPD System,,,https://www.environdec.com/library/epd18119
EPD-IES-0018154:001,Double Row Angular Contact Bearing: AU0754-2LXL,Machinery & Equipment,National Engineering Industries Limited,Machinery & equipment,Global,India,,kg CO2 eq,,,International EPD System,,,https://www.environdec.com/library/epd18154
EPD-IES-0018184:001,Cylindrical Roller Bearing: TS2NU2236,Machinery & Equipment,National Engineering Industries Limited,Machinery & equipment,Global,India,,kg CO2 eq,,,International EPD System,,,https://www.environdec.com/library/epd18184
EPD-IES-0017974:001,TAPERED ROLLER BEARING: 33022,Machinery & Equipment,National Engineering Industries Limited,Machinery & equipment,Global,India,,kg CO2 eq,,,International EPD System,,,https://www.environdec.com/library/epd17974
EPD-IES-0018138:001,Unitized Taper Roller Bearing: N1764XAT2XLLX,Machinery & Equipment,National Engineering Industries Limited,Machinery & equipment,Global,India,,kg CO2 eq,,,International EPD System,,,https://www.environdec.com/library/epd18138
EPD-IES-0018239:001,Cartridge Tapered Roller Bearing: 6X11 Class E,Machinery & Equipment,National Engineering Industries Limited,Machinery & equipment,Global,India,,kg CO2 eq,,,International EPD System,,,https://www.environdec.com/library/epd18239
EPD-IES-0018019:001,Cylindrical Roller Bearing: NUP310N,Machinery & Equipment,National Engineering Industries Limited,Machinery & equipment,Global,India,,kg CO2 eq,,,International EPD System,,,https://www.environdec.com/library/epd18019
EPD-IES-0005241:002,Grinding Media (Steel Balls),Steel & Metal,JSW Steel Limited,"Metal, mineral, plastic & glass products",Global,India,,kg CO2 eq,,,International EPD System,,,https://www.environdec.com/library/epd5241
EPD-IES-0004977:002,Hot Dip Galvanized Pole and High Mast,Other,Skipper Limited,Construction products,Global,India,,kg CO2 eq,,,International EPD System,,,https://www.environdec.com/library/epd4977
EPD-IES-0004995:002,Hot Dip Galvanized Steel Tower,Steel & Metal,Skipper Limited,Construction products,Global,India,,kg CO2 eq,,,International EPD System,,,https://www.environdec.com/library/epd4995
EPD-IES-0016396:001,Keraflex Easy S1 Zero grey,Other,Mapei Construction Products India Ltd,Construction products,India,India,,kg CO2 eq,,,International EPD System,,,https://www.environdec.com/library/epd16396
EPD-IES-0016397:002,Keraflex Easy S1 Zero White,Other,Mapei Construction Products India Ltd,Construction products,India,India,,kg CO2 eq,,,International EPD System,,,https://www.environdec.com/library/epd16397
EPD-IES-0012055:005,Indowud NFC Board,Other,Indowud NFC Private Limited,Construction products,Global,India,,kg CO2 eq,,,International EPD System,,,https://www.environdec.com/library/epd12055
EPD-IES-0020175:001,"GDPA FASTENERS: Screws, Nuts & Accessories",Other,GDPA Fasteners,Construction products,India,India,,kg CO2 eq,,,International EPD System,,,https://www.environdec.com/library/epd20175
EPD-IES-0017973:001,TAPERED ROLLER BEARING :32309XA,Machinery & Equipment,National Engineering Industries Limited,Machinery & equipment,Global,India,,kg CO2 eq,,,International EPD System,,,https://www.environdec.com/library/epd17973
EPD-IES-0020327:001,Sleek Partition,Glass & Glazing,Saint-Gobain India Private Limited,Construction products,India,India,,kg CO2 eq,,,International EPD System,,,https://www.environdec.com/library/epd20327
EPD-IES-0020329:001,Influence Partition,Glass & Glazing,Saint-Gobain India Private Limited,Construction products,India,India,,kg CO2 eq,,,International EPD System,,,https://www.environdec.com/library/epd20329
EPD-IES-0020172:001,SomaniPly Plywood,Timber & Wood,Ecowood Exports Pvt Ltd,Construction products,India,India,,kg CO2 eq,,,International EPD System,,,https://www.environdec.com/library/epd20172
EPD-IES-0005242:002,Smart PIR Panel,Other,Asawa Insulation Private Limited,Construction products,Global,India,,kg CO2 eq,,,International EPD System,,,https://www.environdec.com/library/epd5242
EPD-IES-0019902:002,MIRA 5mm,Other,Saint-Gobain India Private Limited,Construction products,India,India,,kg CO2 eq,,,International EPD System,,,https://www.environdec.com/library/epd19902
EPD-IES-0019900:002,PLANILAQUE ON PLANILUX 6mm,Glass & Glazing,Saint-Gobain India Private Limited,Construction products,India,India,,kg CO2 eq,,,International EPD System,,,https://www.environdec.com/library/epd19900
EPD-IES-0019899:002,PLANILAQUE ON PLANILUX 5mm,Glass & Glazing,Saint-Gobain India Private Limited,Construction products,India,India,,kg CO2 eq,,,International EPD System,,,https://www.environdec.com/library/epd19899
EPD-IES-0019897:002,PLANILAQUE ON PLANILUX 4mm,Glass & Glazing,Saint-Gobain India Private Limited,Construction products,India,India,,kg CO2 eq,,,International EPD System,,,https://www.environdec.com/library/epd19897
EPD-IES-0010024:002,Smart Ducting System,Other,Asawa Insulation Private Limited,Construction products,Global,India,,kg CO2 eq,,,International EPD System,,,https://www.environdec.com/library/epd10024
EPD-IES-0018412:001,One ton of DN600 Ductile Iron Pipe,Steel & Metal,Jindal SAW Limited,Construction products,Global,India,,kg CO2 eq,,,International EPD System,,,https://www.environdec.com/library/epd18412
EPD-IES-0016558:001,Hot Rolled Coils,Steel & Metal,Jindal Steel Odisha Limited,Construction products,Global,India,,kg CO2 eq,,,International EPD System,,,https://www.environdec.com/library/epd16558
EPD-IES-0018411:001,Ductile Iron Pipe (DN1200),Steel & Metal,Jindal SAW Limited,Construction products,Global,India,,kg CO2 eq,,,International EPD System,,,https://www.environdec.com/library/epd18411
EPD-IES-0018410:001,Ductile Iron Pipe (DN1100),Steel & Metal,Jindal SAW Limited,Construction products,Global,India,,kg CO2 eq,,,International EPD System,,,https://www.environdec.com/library/epd18410
EPD-IES-0018409:001,Ductile Iron Pipe (DN1000),Steel & Metal,Jindal SAW Limited,Construction products,Global,India,,kg CO2 eq,,,International EPD System,,,https://www.environdec.com/library/epd18409
EPD-IES-0018408:001,Ductile Iron Pipe (DN900),Steel & Metal,Jindal SAW Limited,Construction products,Global,India,,kg CO2 eq,,,International EPD System,,,https://www.environdec.com/library/epd18408
EPD-IES-0018407:001,Ductile Iron Pipe (DN800),Steel & Metal,Jindal SAW Limited,Construction products,Global,India,,kg CO2 eq,,,International EPD System,,,https://www.environdec.com/library/epd18407
EPD-IES-0018406:001,Ductile Iron Pipe (DN750),Steel & Metal,Jindal SAW Limited,Construction products,Global,India,,kg CO2 eq,,,International EPD System,,,https://www.environdec.com/library/epd18406
EPD-IES-0018405:001,Ductile Iron Pipe (DN700),Steel & Metal,Jindal SAW Limited,Construction products,Global,India,,kg CO2 eq,,,International EPD System,,,https://www.environdec.com/library/epd18405
EPD-IES-0018404:001,Ductile Iron Pipe (DN600),Steel & Metal,Jindal SAW Limited,Construction products,Global,India,,kg CO2 eq,,,International EPD System,,,https://www.environdec.com/library/epd18404
EPD-IES-0018403:001,Ductile Iron Pipe (DN500),Steel & Metal,Jindal SAW Limited,Construction products,Global,India,,kg CO2 eq,,,International EPD System,,,https://www.environdec.com/library/epd18403
EPD-IES-0018402:001,Ductile Iron Pipe (DN450),Steel & Metal,Jindal SAW Limited,Construction products,Global,India,,kg CO2 eq,,,International EPD System,,,https://www.environdec.com/library/epd18402
EPD-IES-0018401:001,Ductile Iron Pipe (DN400),Steel & Metal,Jindal SAW Limited,Construction products,Global,India,,kg CO2 eq,,,International EPD System,,,https://www.environdec.com/library/epd18401
EPD-IES-0018400:001,Ductile Iron Pipe (DN350),Steel & Metal,Jindal SAW Limited,Construction products,Global,India,,kg CO2 eq,,,International EPD System,,,https://www.environdec.com/library/epd18400
EPD-IES-0018399:001,Ductile Iron Pipe (DN300),Steel & Metal,Jindal SAW Limited,Construction products,Global,India,,kg CO2 eq,,,International EPD System,,,https://www.environdec.com/library/epd18399
EPD-IES-0018398:001,Ductile Iron Pipe (DN250),Steel & Metal,Jindal SAW Limited,Construction products,Global,India,,kg CO2 eq,,,International EPD System,,,https://www.environdec.com/library/epd18398
EPD-IES-0018397:001,Ductile Iron Pipe (DN200),Steel & Metal,Jindal SAW Limited,Construction products,Global,India,,kg CO2 eq,,,International EPD System,,,https://www.environdec.com/library/epd18397
EPD-IES-0018396:001,Ductile Iron Pipe (DN150),Steel & Metal,Jindal SAW Limited,Construction products,Global,India,,kg CO2 eq,,,International EPD System,,,https://www.environdec.com/library/epd18396
EPD-IES-0018395:001,Ductile Iron Pipe (DN125),Steel & Metal,Jindal SAW Limited,Construction products,Global,India,,kg CO2 eq,,,International EPD System,,,https://www.environdec.com/library/epd18395
EPD-IES-0008990:001,Ductile Iron Pipe (DN100),Steel & Metal,Jindal SAW Limited,Construction products,Global,India,,kg CO2 eq,,,International EPD System,,,https://www.environdec.com/library/epd8990
EPD-IES-0009004:001,Ductile Iron Pipe (DN 80),Steel & Metal,Jindal SAW Limited,Construction products,Global,India,,kg CO2 eq,,,International EPD System,,,https://www.environdec.com/library/epd9004
EPD-IES-0017243:001,HILUX Calcium Silicate Board (CSB),Other,Ramco Industries Limited,Construction products,Global,India,,kg CO2 eq,,,International EPD System,,,https://www.environdec.com/library/epd17243
EPD-IES-0017246:001,Greencor- Non-Asbestos Corrugated Sheet,Other,Ramco Industries Limited,Construction products,Global,India,,kg CO2 eq,,,International EPD System,,,https://www.environdec.com/library/epd17246
EPD-IES-0017242:001,HICEM Fiber Cement Board,Concrete & Cement,Ramco Industries Limited,Construction products,Global,India,,kg CO2 eq,,,International EPD System,,,https://www.environdec.com/library/epd17242
EPD-IES-0017245:001,HiluxLite- Ultra Light Ceiling Tile,Ceramic & Tile,Ramco Industries Limited,Construction products,Global,India,,kg CO2 eq,,,International EPD System,,,https://www.environdec.com/library/epd17245
EPD-IES-0017244:001,Hiden- High Density Fiber Cement Board,Concrete & Cement,Ramco Industries Limited,Construction products,Global,India,,kg CO2 eq,,,International EPD System,,,https://www.environdec.com/library/epd17244
EPD-IES-0016931:002,Bi-55- (520-550 Wp) Glass to Glass Bifacial Module,Glass & Glazing,Waaree Energies Limited,Construction products,Global,India,,kg CO2 eq,,,International EPD System,,,https://www.environdec.com/library/epd16931
EPD-IES-0016932:002,BiN-08-(565-600 Wp) Glass to Glass Bifacial TOPCon Module,Concrete & Cement,Waaree Energies Limited,Construction products,Global,India,,kg CO2 eq,,,International EPD System,,,https://www.environdec.com/library/epd16932
EPD-IES-0008168:005,TMT Rebar (100% Recycled Scrap),Steel & Metal,Jindal Steel and Power,Construction products,Global,India,,kg CO2 eq,,,International EPD System,,,https://www.environdec.com/library/epd8168
EPD-IES-0015506:005,Steel Plate (100% Recycled Scrap),Steel & Metal,Jindal Steel and Power,Construction products,Global,India,,kg CO2 eq,,,International EPD System,,,https://www.environdec.com/library/epd15506
EPD-IES-0015661:001,U-Flex Structural Ceiling & Partition Systems,Glass & Glazing,United Office Systems Private Limited,Construction products,Global,India,,kg CO2 eq,,,International EPD System,,,https://www.environdec.com/library/epd15661
EPD-IES-0016083:002,"Ductile & Grey Iron Manhole Cover, Grate & Frame",Steel & Metal,R. B. Agarwalla and Co.,Construction products,Global,India,,kg CO2 eq,,,International EPD System,,,https://www.environdec.com/library/epd16083
EPD-IES-0006068:001,Ferro Chrome,Other,Tata Steel Limited,Construction products,India,India,,kg CO2 eq,,,International EPD System,,,https://www.environdec.com/library/epd6068
EPD-IES-0017630:001,Rockinsul RB Slab 48 kg/m3,Other,Saint-Gobain India Private Limited,Construction products,India,India,,kg CO2 eq,,,International EPD System,,,https://www.environdec.com/library/epd17630
EPD-IES-0017631:001,Rockinsul RB Slab 160 kg/m3,Other,Saint-Gobain India Private Limited,Construction products,Asia,India,,kg CO2 eq,,,International EPD System,,,https://www.environdec.com/library/epd17631
EPD-IES-0016507:003,"Ductile & Grey Iron Manhole Cover, Channel Gratings and Pipe Fittings",Steel & Metal,Global Castings Pvt. Limited,Construction products,Global,India,,kg CO2 eq,,,International EPD System,,,https://www.environdec.com/library/epd16507
EPD-IES-0015660:001,Steel Cementitious Panel,Concrete & Cement,United Office Systems Private Limited,Construction products,Global,India,,kg CO2 eq,,,International EPD System,,,https://www.environdec.com/library/epd15660
EPD-IES-0015662:001,Calcium Sulphate Panel,Other,United Office Systems Private Limited,Construction products,Global,India,,kg CO2 eq,,,International EPD System,,,https://www.environdec.com/library/epd15662
EPD-IES-0016478:001,Steel Plates,Steel & Metal,Jindal Steel and Power,Construction products,Global,India,,kg CO2 eq,,,International EPD System,,,https://www.environdec.com/library/epd16478
EPD-IES-0016401:002,HIGH PRESSURE LAMINATE,Other,Merino Industries Limited,Construction products,Global,India,,kg CO2 eq,,,International EPD System,,,https://www.environdec.com/library/epd16401
EPD-IES-0016404:002,Compact Laminate,Other,Merino Industries Limited,Construction products,India,India,,kg CO2 eq,,,International EPD System,,,https://www.environdec.com/library/epd16404
EPD-IES-0016326:001,XLPE Thermal Insulation Products,Insulation & Acoustic,ALP AEROFLEX INDIA PRIVATE LIMITED,Construction products,Global,India,,kg CO2 eq,,,International EPD System,,,https://www.environdec.com/library/epd16326
EPD-IES-0012007:001,Steel Hot Rolled Coils,Steel & Metal,ArcelorMittal Nippon Steel India Private Limited,Construction products,India,India,,kg CO2 eq,,,International EPD System,,,https://www.environdec.com/library/epd12007
EPD-IES-0012008:001,Average Hot Rolled Pickled & Oiled Steel,Steel & Metal,ArcelorMittal Nippon Steel India Private Limited,Construction products,India,India,,kg CO2 eq,,,International EPD System,,,https://www.environdec.com/library/epd12008
EPD-IES-0012009:001,Average Cold Rolled Closed Annealed / Cold Rolled Full Hard Steel,Steel & Metal,ArcelorMittal Nippon Steel India Private Limited,Construction products,India,India,,kg CO2 eq,,,International EPD System,,,https://www.environdec.com/library/epd12009
EPD-IES-0012010:001,Steel Plates,Steel & Metal,ArcelorMittal Nippon Steel India Private Limited,Construction products,India,India,,kg CO2 eq,,,International EPD System,,,https://www.environdec.com/library/epd12010
EPD-IES-0012011:001,Average Galvanized Iron / Pre-Painted Galvanized Iron,Steel & Metal,ArcelorMittal Nippon Steel India Private Limited,Construction products,India,India,,kg CO2 eq,,,International EPD System,,,https://www.environdec.com/library/epd12011
EPD-IES-0012012:001,Steel Pipes,Steel & Metal,ArcelorMittal Nippon Steel India Private Limited,Construction products,India,India,,kg CO2 eq,,,International EPD System,,,https://www.environdec.com/library/epd12012
EPD-IES-0005280:002,SGG Planilux® 5mm,Glass & Glazing,Saint-Gobain India Private Limited,Construction products,India,India,,kg CO2 eq,,,International EPD System,,,https://www.environdec.com/library/epd5280
EPD-IES-0005466:002,SGG PLANILUX®8 mm,Glass & Glazing,Saint-Gobain India Private Limited,Construction products,India,India,,kg CO2 eq,,,International EPD System,,,https://www.environdec.com/library/epd5466
EPD-IES-0006219:002,SGG PLANILUX® 10 mm,Glass & Glazing,Saint-Gobain India Private Limited,Construction products,India,India,,kg CO2 eq,,,International EPD System,,,https://www.environdec.com/library/epd6219
EPD-IES-0006878:002,Magnetron Coated Glass on SGG PLANILUX® 5 mm,Glass & Glazing,Saint-Gobain India Private Limited,Construction products,India,India,,kg CO2 eq,,,International EPD System,,,https://www.environdec.com/library/epd6878
EPD-IES-0006879:002,Magnetron Coated Glass on SGG PLANILUX® 10 mm,Glass & Glazing,Saint-Gobain India Private Limited,Construction products,India,India,,kg CO2 eq,,,International EPD System,,,https://www.environdec.com/library/epd6879
EPD-IES-0006880:002,Magnetron Coated Glass on SGG PARSOL® 5 mm,Glass & Glazing,Saint-Gobain India Private Limited,Construction products,India,India,,kg CO2 eq,,,International EPD System,,,https://www.environdec.com/library/epd6880
EPD-IES-0014544:002,Brick,Brick & Masonry,Jay Jalaram Bricks,Construction products,Global,India,,kg CO2 eq,,,International EPD System,,,https://www.environdec.com/library/epd14544
EPD-IES-0006299:002,ORAÉ® 6 mm,Other,Saint-Gobain India Private Limited,Construction products,India,India,,kg CO2 eq,,,International EPD System,,,https://www.environdec.com/library/epd6299
EPD-IES-0006475:002,Grey & Ductile Iron Manhole with Cover,Steel & Metal,RBA Ferro Industries Private Limited,Construction products,Global,India,,kg CO2 eq,,,International EPD System,,,https://www.environdec.com/library/epd6475
EPD-IES-0015196:003,Thermal Insulation Products,Insulation & Acoustic,ALP AEROFLEX INDIA PRIVATE LIMITED,Construction products,Global,India,,kg CO2 eq,,,International EPD System,,,https://www.environdec.com/library/epd15196
EPD-IES-0012935:001,ERW Hot Dip Galvanized Steel Pipe,Steel & Metal,Garg Tube Export LLP,Construction products,India,India,,kg CO2 eq,,,International EPD System,,,https://www.environdec.com/library/epd12935
EPD-IES-0005400:003,Gyproc® XPERT+,Other,Saint-Gobain India Private Limited,Construction products,India,India,,kg CO2 eq,,,International EPD System,,,https://www.environdec.com/library/epd5400
EPD-IES-0015233:003,Gyproc ® Elite 100,Other,Saint-Gobain India Private Limited,Construction products,India,India,,kg CO2 eq,,,International EPD System,,,https://www.environdec.com/library/epd15233
EPD-IES-0015234:003,Gyproc® Elite -MR (Moisture Resistant) Plaster,Concrete & Cement,Saint-Gobain India Private Limited,Construction products,India,India,,kg CO2 eq,,,International EPD System,,,https://www.environdec.com/library/epd15234
EPD-IES-0015184:001,ORAÉ® 4mm,Other,Saint-Gobain India Private Limited,Construction products,India,India,,kg CO2 eq,,,International EPD System,,,https://www.environdec.com/library/epd15184
EPD-IES-0013786:001,Steel Plate Product,Steel & Metal,JSW Steel Limited,Construction products,India,India,,kg CO2 eq,,,International EPD System,,,https://www.environdec.com/library/epd13786
EPD-IES-0013554:001,Steel Plate,Steel & Metal,NAMCO INDUSTRIES PRIVATE LIMITED,Construction products,India,India,,kg CO2 eq,,,International EPD System,,,https://www.environdec.com/library/epd13554
EPD-IES-0013848:002,Acoustic Modular Designer Control Room Interiors,Insulation & Acoustic,ONEPWS PRIVATE LIMITED,Construction products,Global,India,,kg CO2 eq,,,International EPD System,,,https://www.environdec.com/library/epd13848
EPD-IES-0014188:001,Saltech Pavement Products,Other,Saltech Design Labs Pvt Ltd,Construction products,India,India,,kg CO2 eq,,,International EPD System,,,https://www.environdec.com/library/epd14188
EPD-IES-0014189:001,Saltech Slabbing Products,Other,Saltech Design Labs Pvt Ltd,Construction products,India,India,,kg CO2 eq,,,International EPD System,,,https://www.environdec.com/library/epd14189
EPD-IES-0013866:001,DB DAZZLE Raised Access Flooring System,Other,DB Dazzle Modular Systems,Construction products,India,India,,kg CO2 eq,,,International EPD System,,,https://www.environdec.com/library/epd13866
EPD-IES-0013756:001,TECHDRAIN- Drainage Composite,Other,TECHFAB India Industries Limited,Construction products,Global,India,,kg CO2 eq,,,International EPD System,,,https://www.environdec.com/library/epd13756
EPD-IES-0013757:001,TECHGEO- Nonwoven needle punched geotextile fabric,Ceramic & Tile,TECHFAB India Industries Limited,Construction products,Global,India,,kg CO2 eq,,,International EPD System,,,https://www.environdec.com/library/epd13757
EPD-IES-0009224:001,VDS Fixed Partition,Glass & Glazing,Saint-Gobain India Private Limited,Construction products,India,India,,kg CO2 eq,,,International EPD System,,,https://www.environdec.com/library/epd9224
EPD-IES-0011999:001,VDS® Curtain Wall Partition,Glass & Glazing,Saint-Gobain India Private Limited,Construction products,India,India,,kg CO2 eq,,,International EPD System,,,https://www.environdec.com/library/epd11999
EPD-IES-0012000:001,VDS® Curtain Wall,Glass & Glazing,Saint-Gobain India Private Limited,Construction products,India,India,,kg CO2 eq,,,International EPD System,,,https://www.environdec.com/library/epd12000
EPD-IES-0012056:001,Gypserra® Metal Framing,Steel & Metal,Saint-Gobain India Private Limited,Construction products,India,India,,kg CO2 eq,,,International EPD System,,,https://www.environdec.com/library/epd12056
EPD-IES-0012018:001,TECHGRID Polymeric Coated Polyester Geogrid,Plastic & Polymer,TECHFAB India Industries Limited,Construction products,India,India,,kg CO2 eq,,,International EPD System,,,https://www.environdec.com/library/epd12018
EPD-IES-0012053:001,TECHSTRAP High Strength Polymeric Geosynthetics Strips,Plastic & Polymer,TECHFAB India Industries Limited,Construction products,India,India,,kg CO2 eq,,,International EPD System,,,https://www.environdec.com/library/epd12053
EPD-IES-0012054:001,TECHLINK- High strength strip bonded Flexible Geogrid,Other,TECHFAB India Industries Limited,Construction products,India,India,,kg CO2 eq,,,International EPD System,,,https://www.environdec.com/library/epd12054
EPD-IES-0012017:001,Seal Coat SF 150,Other,Penetron Products Pvt. Ltd.,Construction products,India,India,,kg CO2 eq,,,International EPD System,,,https://www.environdec.com/library/epd12017
EPD-IES-0009820:001,Gyproc® Moisture resistant board (thickness 12.5mm) Bengaluru,Other,Saint-Gobain India Private Limited,Construction products,India,India,,kg CO2 eq,,,International EPD System,,,https://www.environdec.com/library/epd9820
EPD-IES-0009821:001,Gyproc® Moisture resistant board (thickness 12.5mm) Jagadia,Other,Saint-Gobain India Private Limited,Construction products,India,India,,kg CO2 eq,,,International EPD System,,,https://www.environdec.com/library/epd9821
EPD-IES-0009822:001,Gyproc® Fire-resistant & Moisture resistant board (thickness 12.5mm),Other,Saint-Gobain India Private Limited,Construction products,India,India,,kg CO2 eq,,,International EPD System,,,https://www.environdec.com/library/epd9822
EPD-IES-0009823:001,Gyproc® Fire Resistant & Moisture Resistant Board (Thickness 15mm),Other,Saint-Gobain India Private Limited,Construction products,India,India,,kg CO2 eq,,,International EPD System,,,https://www.environdec.com/library/epd9823
EPD-IES-0012001:001,Average Black/Bare Steel Pipes,Steel & Metal,Surya Roshni Limited,Construction products,India,India,,kg CO2 eq,,,International EPD System,,,https://www.environdec.com/library/epd12001
EPD-IES-0012002:001,Average Galvanized Steel Pipes,Steel & Metal,Surya Roshni Limited,Construction products,India,India,,kg CO2 eq,,,International EPD System,,,https://www.environdec.com/library/epd12002
EPD-IES-0012003:001,Average Red oxide/3LPE/Epoxy coated Steel Pipes,Steel & Metal,Surya Roshni Limited,Construction products,India,India,,kg CO2 eq,,,International EPD System,,,https://www.environdec.com/library/epd12003
EPD-IES-0012004:001,Average Cold Rolled/Pre-Galvanized Steel Pipes,Steel & Metal,Surya Roshni Limited,Construction products,India,India,,kg CO2 eq,,,International EPD System,,,https://www.environdec.com/library/epd12004
EPD-IES-0012005:001,Cold Rolled Steel Strips,Steel & Metal,Surya Roshni Limited,Construction products,India,India,,kg CO2 eq,,,International EPD System,,,https://www.environdec.com/library/epd12005
EPD-IES-0012006:001,Steel door frame,Steel & Metal,Surya Roshni Limited,Construction products,India,India,,kg CO2 eq,,,International EPD System,,,https://www.environdec.com/library/epd12006
EPD-IES-0009819:001,"Construction Product (Roofing Underlayment, Building Wrap & Flashing Tape)",Other,Veer Plastics Pvt. Ltd.,Construction products,India,India,,kg CO2 eq,,,International EPD System,,,https://www.environdec.com/library/epd9819
EPD-IES-0011894:001,STEELAGE MAGNA CLASS C SAFE,Steel & Metal,GUNNEBO INDIA PVT LTD,Construction products,India,India,,kg CO2 eq,,,International EPD System,,,https://www.environdec.com/library/epd11894
EPD-IES-0009813:001,Stainless Steel Cast & Rolled Products,Steel & Metal,Laxcon Steel Limited,"Metal, mineral, plastic & glass products",India,India,,kg CO2 eq,,,International EPD System,,,https://www.environdec.com/library/epd9813
EPD-IES-0009817:001,Structural Steel (100% Recycled Scrap),Steel & Metal,Jindal Steel and Power,Construction products,India,India,,kg CO2 eq,,,International EPD System,,,https://www.environdec.com/library/epd9817
EPD-IES-0009818:001,Steel Plate & Coils (100% Recycled Scrap),Steel & Metal,Jindal Steel and Power,Construction products,India,India,,kg CO2 eq,,,International EPD System,,,https://www.environdec.com/library/epd9818
EPD-IES-0009814:001,Deskpro,Furniture & Fittings,AFC System Pvt. Ltd.,Construction products,India,India,,kg CO2 eq,,,International EPD System,,,https://www.environdec.com/library/epd9814
EPD-IES-0009803:001,Average Structural Steel Product,Steel & Metal,Jindal Steel and Power,Construction products,India,India,,kg CO2 eq,,,International EPD System,,,https://www.environdec.com/library/epd9803
EPD-IES-0009805:001,Average Reinforcement Steel Bars,Concrete & Cement,Jindal Steel and Power,Construction products,India,India,,kg CO2 eq,,,International EPD System,,,https://www.environdec.com/library/epd9805
EPD-IES-0009213:002,SGG PLANILUX® 6 mm,Glass & Glazing,Saint-Gobain India Private Limited,Construction products,India,India,,kg CO2 eq,,,International EPD System,,,https://www.environdec.com/library/epd9213
EPD-IES-0009214:002,SGG PLANILUX® 12 mm,Glass & Glazing,Saint-Gobain India Private Limited,Construction products,India,India,,kg CO2 eq,,,International EPD System,,,https://www.environdec.com/library/epd9214
EPD-IES-0009804:001,Average Semi-Finished Steel Product,Steel & Metal,Jindal Steel and Power,Construction products,India,India,,kg CO2 eq,,,International EPD System,,,https://www.environdec.com/library/epd9804
EPD-IES-0009806:001,Average Plate & Coil Steel Product,Steel & Metal,Jindal Steel and Power,Construction products,India,India,,kg CO2 eq,,,International EPD System,,,https://www.environdec.com/library/epd9806
EPD-IES-0006477:001,"Galvanized Steel Product, Kalmeshwar Plant",Steel & Metal,JSW Coated Steel Products Limited,Construction products,India,India,,kg CO2 eq,,,International EPD System,,,https://www.environdec.com/library/epd6477
EPD-IES-0006478:001,"Galvalume Steel Product, Kalmeshwar Plant",Steel & Metal,JSW Coated Steel Products Limited,Construction products,India,India,,kg CO2 eq,,,International EPD System,,,https://www.environdec.com/library/epd6478
EPD-IES-0006481:001,"Pre-painted Galvanized Steel Product, Kalmeshwar Plant",Steel & Metal,JSW Coated Steel Products Limited,Construction products,India,India,,kg CO2 eq,,,International EPD System,,,https://www.environdec.com/library/epd6481
EPD-IES-0006482:001,"Pre-painted Galvalume Product, Kalmeshwar Plant",Paint & Coating,JSW Coated Steel Products Limited,Construction products,India,India,,kg CO2 eq,,,International EPD System,,,https://www.environdec.com/library/epd6482
EPD-IES-0006483:001,"Galvanized Steel Product, Vasind Plant",Steel & Metal,JSW Coated Steel Products Limited,Construction products,India,India,,kg CO2 eq,,,International EPD System,,,https://www.environdec.com/library/epd6483
EPD-IES-0006484:001,"Galvalume Steel Product, Vasind Plant",Steel & Metal,JSW Coated Steel Products Limited,Construction products,India,India,,kg CO2 eq,,,International EPD System,,,https://www.environdec.com/library/epd6484
EPD-IES-0006485:001,"Pre-painted Galvanized Steel Product, Vasind Plant",Steel & Metal,JSW Coated Steel Products Limited,Construction products,India,India,,kg CO2 eq,,,International EPD System,,,https://www.environdec.com/library/epd6485
EPD-IES-0006486:001,"Pre-painted Galvalume Product, Vasind Plant",Paint & Coating,JSW Coated Steel Products Limited,Construction products,India,India,,kg CO2 eq,,,International EPD System,,,https://www.environdec.com/library/epd6486
EPD-IES-0006487:001,"Galvanized Steel Product, Tarapur Plant",Steel & Metal,JSW Coated Steel Products Limited,Construction products,India,India,,kg CO2 eq,,,International EPD System,,,https://www.environdec.com/library/epd6487
EPD-IES-0006488:001,"Galvalume Steel Product, Tarapur Plant",Steel & Metal,JSW Coated Steel Products Limited,Construction products,India,India,,kg CO2 eq,,,International EPD System,,,https://www.environdec.com/library/epd6488
EPD-IES-0006489:001,"Pre-painted Galvanized Steel Product, Tarapur Plant",Steel & Metal,JSW Coated Steel Products Limited,Construction products,India,India,,kg CO2 eq,,,International EPD System,,,https://www.environdec.com/library/epd6489
EPD-IES-0006490:001,"Pre-painted Galvalume Product, Tarapur Plant",Paint & Coating,JSW Coated Steel Products Limited,Construction products,India,India,,kg CO2 eq,,,International EPD System,,,https://www.environdec.com/library/epd6490
EPD-IES-0009207:001,"Tinplate Product, Tarapur Plant",Other,JSW Coated Steel Products Limited,Construction products,India,India,,kg CO2 eq,,,International EPD System,,,https://www.environdec.com/library/epd9207
EPD-IES-0009226:001,High Pressure Laminates,Other,Crown Décor Pvt Limited,Construction products,India,India,,kg CO2 eq,,,International EPD System,,,https://www.environdec.com/library/epd9226
EPD-IES-0009807:001,Magnetron coated glass on SGG PLANILUX 6 mm,Glass & Glazing,Saint-Gobain India Private Limited,Construction products,India,India,,kg CO2 eq,,,International EPD System,,,https://www.environdec.com/library/epd9807
EPD-IES-0009808:001,Magnetron coated glass on SGG PLANILUX 8 mm,Glass & Glazing,Saint-Gobain India Private Limited,Construction products,India,India,,kg CO2 eq,,,International EPD System,,,https://www.environdec.com/library/epd9808
EPD-IES-0009809:001,Magnetron coated glass on SGG PLANILUX 12 mm,Glass & Glazing,Saint-Gobain India Private Limited,Construction products,India,India,,kg CO2 eq,,,International EPD System,,,https://www.environdec.com/library/epd9809
EPD-IES-0009810:001,Magnetron coated glass On SGG PARSOL 4 mm,Glass & Glazing,Saint-Gobain India Private Limited,Construction products,India,India,,kg CO2 eq,,,International EPD System,,,https://www.environdec.com/library/epd9810
EPD-IES-0009811:001,Magnetron coated glass on SGG PARSOL 6 mm,Glass & Glazing,Saint-Gobain India Private Limited,Construction products,India,India,,kg CO2 eq,,,International EPD System,,,https://www.environdec.com/library/epd9811
EPD-IES-0009812:001,Magnetron coated glass on SGG PARSOL 8 mm,Glass & Glazing,Saint-Gobain India Private Limited,Construction products,India,India,,kg CO2 eq,,,International EPD System,,,https://www.environdec.com/library/epd9812
EPD-IES-0006473:002,High Pressure Laminates-Compact Panels,Other,Stylam Industries Limited,Construction products,India,India,,kg CO2 eq,,,International EPD System,,,https://www.environdec.com/library/epd6473
EPD-IES-0009225:001,Steel Rebar,Steel & Metal,Raajratna Metal Industries Limited,Construction products,Global,India,,kg CO2 eq,,,International EPD System,,,https://www.environdec.com/library/epd9225
EPD-IES-0009219:001,High Pressure Laminates,Other,Stylam Industries Limited,Construction products,Global,India,,kg CO2 eq,,,International EPD System,,,https://www.environdec.com/library/epd9219
EPD-IES-0009222:001,SGG PARSOL® 4 mm,Glass & Glazing,Saint-Gobain India Private Limited,Construction products,India,India,,kg CO2 eq,,,International EPD System,,,https://www.environdec.com/library/epd9222
EPD-IES-0009208:001,Average Fencing Products,Other,SUYASH GLOBAL PVT LTD,Construction products,India,India,,kg CO2 eq,,,International EPD System,,,https://www.environdec.com/library/epd9208
EPD-IES-0006474:001,Steel Hot Rolled Coil,Steel & Metal,Tata Steel Limited,Construction products,India,India,,kg CO2 eq,,,International EPD System,,,https://www.environdec.com/library/epd6474
EPD-IES-0006476:001,Clay Products,Brick & Masonry,PRAYAG CLAY PRODUCTS LIMITED,Construction products,Global,India,,kg CO2 eq,,,International EPD System,,,https://www.environdec.com/library/epd6476
EPD-IES-0006472:001,Zinc Product,Other,Hindustan Zinc Limited,Construction products,India,India,,kg CO2 eq,,,International EPD System,,,https://www.environdec.com/library/epd6472
EPD-IES-0006471:001,1 m3 of Ready-Mix Concrete,Concrete & Cement,JSW Cement Limited,Construction products,India,India,,kg CO2 eq,,,International EPD System,,,https://www.environdec.com/library/epd6471
EPD-IES-0005020:001,Steel Structural Hollow Sections from Tata Steel Limited,Steel & Metal,Tata Steel Limited,Construction products,India,India,,kg CO2 eq,,,International EPD System,,,https://www.environdec.com/library/epd5020
EPD-IES-0005019:001,"Cement Product (OPC, PPC, PSC, PCC)",Concrete & Cement,UltraTech Cement Ltd.,Construction products,Global,India,,kg CO2 eq,,,International EPD System,,,https://www.environdec.com/library/epd5019
EPD-IES-0006083:001,Vnext- Fiber Cement Boards,Concrete & Cement,Visaka Industries Limited,Construction products,India,India,,kg CO2 eq,,,International EPD System,,,https://www.environdec.com/library/epd6083
EPD-IES-0006084:001,Vnext Panels,Other,Visaka Industries Limited,Construction products,India,India,,kg CO2 eq,,,International EPD System,,,https://www.environdec.com/library/epd6084
EPD-IES-0005018:001,Steel Rebar,Steel & Metal,Tata Steel Limited,Construction products,India,India,,kg CO2 eq,,,International EPD System,,,https://www.environdec.com/library/epd5018
EPD-IES-0002112:001,COLORBOND® steel & ZINCALUME® steel,Steel & Metal,Tata BlueScope Steel Pvt. Ltd.,Construction products,India,India,,kg CO2 eq,,,International EPD System,,,https://www.environdec.com/library/epd2112
EPD-IES-0006462:001,Gyproc® Duraline 13mm,Other,Saint-Gobain India Private Limited,Construction products,India,India,,kg CO2 eq,,,International EPD System,,,https://www.environdec.com/library/epd6462
EPD-IES-0006463:001,Gyproc® Fireline 15mm,Other,Saint-Gobain India Private Limited,Construction products,India,India,,kg CO2 eq,,,International EPD System,,,https://www.environdec.com/library/epd6463
EPD-IES-0006085:001,Gyproc® Fireline 12.5mm,Other,Saint-Gobain India Private Limited,Construction products,India,India,,kg CO2 eq,,,International EPD System,,,https://www.environdec.com/library/epd6085
EPD-IES-0006086:001,Gyproc® Glasroc H 12.5mm,Other,Saint-Gobain India Private Limited,Construction products,India,India,,kg CO2 eq,,,International EPD System,,,https://www.environdec.com/library/epd6086
EPD-IES-0006087:001,Gyproc® Habito 12.5mm,Other,Saint-Gobain India Private Limited,Construction products,India,India,,kg CO2 eq,,,International EPD System,,,https://www.environdec.com/library/epd6087
EPD-IES-0005016:001,Silent Box,Other,Kubik India Private Limited,Construction products,Global,India,,kg CO2 eq,,,International EPD System,,,https://www.environdec.com/library/epd5016
EPD-IES-0005017:001,Average of Finished Flat Products (Steel),Steel & Metal,JSW Steel Limited,Construction products,India,India,,kg CO2 eq,,,International EPD System,,,https://www.environdec.com/library/epd5017
EPD-IES-0004379:001,Door System,Other,Kubik India Private Limited,Construction products,Global,India,,kg CO2 eq,,,International EPD System,,,https://www.environdec.com/library/epd4379
EPD-IES-0004636:001,Partitions System,Glass & Glazing,Kubik India Private Limited,Construction products,Global,India,,kg CO2 eq,,,International EPD System,,,https://www.environdec.com/library/epd4636
EPD-IES-0004326:001,Finished Long Products (Steel),Steel & Metal,JSW Steel Limited,Construction products,India,India,,kg CO2 eq,,,International EPD System,,,https://www.environdec.com/library/epd4326
EPD-IES-0002109:001,Entropy Workstation,Furniture & Fittings,Talin Modular Office Furniture Systems Pvt. Ltd.,Furniture & other goods,India,India,,kg CO2 eq,,,International EPD System,,,https://www.environdec.com/library/epd2109
EPD-IES-0002110:001,FLEXIvate Workstation,Furniture & Fittings,Talin Modular Office Furniture Systems Pvt. Ltd.,Furniture & other goods,India,India,,kg CO2 eq,,,International EPD System,,,https://www.environdec.com/library/epd2110
EPD-IES-0000538:002,12.5 mm Gypboard® Plain plasterboard,Concrete & Cement,Saint-Gobain India Private Limited,Construction products,India,India,,kg CO2 eq,,,International EPD System,,,https://www.environdec.com/library/epd538
EPD-IES-0001418:001,Berger External Thermal Insulation & Composite Systems (ETICS),Insulation & Acoustic,Berger Paints India Limited,Construction products,India,India,,kg CO2 eq,,,International EPD System,,,https://www.environdec.com/library/epd1418
EPD-IES-0001419:001,Berger Paints (Water-Based),Paint & Coating,Berger Paints India Limited,Construction products,India,India,,kg CO2 eq,,,International EPD System,,,https://www.environdec.com/library/epd1419
EPD-IES-0002108:001,Berger Paints (Solvent-Based),Paint & Coating,Berger Paints India Limited,Construction products,India,India,,kg CO2 eq,,,International EPD System,,,https://www.environdec.com/library/epd2108
